about_url,about_path,product_url,product_path
https://manifestationmatters.com/category/law-of-attraction/,c8a4109c4d7b1340d2a3e088799d47c2.html,https://manifestationmatters.com/manifestation-matters-store/,a5629322d5484822984a6ecac7c1ad03.html
https://manifestationmatters.com/category/law-of-attraction/,c8a4109c4d7b1340d2a3e088799d47c2.html,https://manifestationmatters.com/manifestation-matters-store/,a5629322d5484822984a6ecac7c1ad03.html
https://manifestationmatters.com/category/law-of-attraction/,c8a4109c4d7b1340d2a3e088799d47c2.html,https://manifestationmatters.com/manifestation-matters-store/,a5629322d5484822984a6ecac7c1ad03.html

https://manifestationmatters.com/category/law-of-attraction/,c8a4109c4d7b1340d2a3e088799d47c2None,https://manifestationmatters.com/manifestation-matters-store/,a5629322d5484822984a6ecac7c1ad03None
https://manifestationmatters.com/category/law-of-attraction/,c8a4109c4d7b1340d2a3e088799d47c2None,https://manifestationmatters.com/manifestation-matters-store/,a5629322d5484822984a6ecac7c1ad03None
https://nextlevelsoul.com/blog/,9533e76fa7301ad5aa3eecc0ab53a628None,https://watch.nextlevelsoul.com/category/events_&_workshops,01f8456ad4bd68cbc67f46a75af3bc30None
https://elliotoracle.com/,76187d915cfb6d76c0bf525f5c354d43None,https://elliotoracle.com/shop/,0ecf5be392095a386441410ca235fd01None
https://conjuredcardea.com/,8d26897de85010c32ec5e02a62acc259None,https://conjuredcardea.com/collections/all-products,f830dabd012009786765a66b3fa8b019None
https://goodinthehead.com/the-mental-hospital/,1ae01cb9e9bd1596528f1f22ddb52c9eNone,https://goodinthehead.com/books-for-sale/,e5e673987141e86594a276a1a9894afaNone
https://www.enchanteddragonflyma.com/#AImbkY,76d5a65374b793f7c0d9113c45aaf915None,https://www.enchanteddragonflyma.com/s/shop,82ff2e2a35f8eecd4f229b4a023bb79dNone
https://tanyafengshui.com/about-me/,4c6cfa2bd259d35e1434a0da5f8a77c9None,https://tanyafengshui.com/feng-shui-products/,fd52e9e75ad1221a9243a01fbc33f3e8None
https://www.atlantisscalar.com/about-atlantis-scalar/,c81e51b2c8de91a1af804ce679be44a3None,https://www.atlantisscalar.com/scalar-services/,638f11a1ef4fcfa792799afa453746d7None
https://www.thesecret.tv/our-mission/,60777fd1fe71c2fb3bb854f230e70bffNone,https://www.thesecret.tv/store/,952002a1bc0414e21ac58fa6435046a1None
https://dramitjain.org/ourstory/,16fe207a4ae194bfccf62406603ef834None,https://dramitjain.org/,2f00457174e1194148e4e4dadb01b6adNone
https://organicreverence.com/about,57828039fb279d8c2c76deb511eb9ffc,https://organicreverence.com/shop,be7d6d14c366c6966fce522c7bef0d18,[]
,d41d8cd98f00b204e9800998ecf8427e,https://organicreverence.com/shop,be7d6d14c366c6966fce522c7bef0d18,[]
